,name,val
0,亚丝娜,113
1,桐人,89
2,小说,84
3,刀剑,79
4,一个,77
5,刀剑神域,71
6,爱丽丝,62
7,UR,53
8,进击篇,50
9,剧情,49
10,游戏,43
11,感觉,37
12,角色,34
13,现实,31
14,记忆,30
15,好像,29
16,米特,29
17,动画,28
18,uw,28
19,世界,26
20,特别,25
21,武器,25
22,大佬,25
23,真的,24
24,原图,23
25,发现,22
26,川原,22
27,设定,22
28,一点,22
29,剧场版,21
30,ur,21
31,技能,21
32,有没有,21
33,姥爷,21
34,主线,20
35,进击,20
36,很多,19
37,图片,19
38,喜欢,19
39,星王,19
40,一部,19
41,rt,18
42,UW,18
43,本身,18
44,十周年,17
45,第一季,17
46,镇楼,16
47,26,15
48,采用,15
49,短剑,15
50,更新,15
51,有人,14
52,到底,14
53,刚看,14
54,速度,14
55,几年,13
56,玩家,13
57,消息,13
58,等级,13
59,第三季,13
60,一篇,12
61,原创,12
62,一张,12
63,地方,12
64,记得,12
65,大陆,12
66,情报,12
67,sao,12
68,故事,12
69,楼下,11
70,篇章,11
71,东西,11
72,介绍,11
73,谢谢,11
74,漫画,11
75,差不多,11
76,影响,11
77,10,11
78,GGO,11
79,尤吉欧,11
80,纪念版,10
81,群像,10
82,方式,10
83,叙事,10
84,笔法,10
85,感受,10
86,ars,10
87,关服,10
88,挂机,10
89,不算,10
90,纯爱,10
91,洞窟,10
92,目标,10
93,进去,10
94,abec,10
95,没什么,10
96,理想,10
97,啊啊啊,10
98,来说,10
99,体验,10
100,我会,10
101,资料,10
102,诗乃,10
103,看过,10
104,电影,10
105,原著,10
106,内容,10
107,分享,9
108,转换,9
109,简单,9
110,本人,9
111,两年,9
112,女生,9
113,未来,9
114,本书,9
115,最新,9
116,不到,9
117,大概,9
118,灵魂,9
119,情节,9
120,希望,9
121,核心,9
122,SAO,9
123,资源,9
124,pdd,8
125,闲鱼,8
126,学校,8
127,日本,8
128,代表,8
129,内心,8
130,本来,8
131,概率,8
132,几卷,8
133,整体,8
134,作者,8
135,升级,8
136,两部,8
137,制作,8
138,戏份,8
139,二刀流,8
140,痛觉,8
141,王妃,8
142,很难,8
143,算是,8
144,网上,8
145,一本,8
146,见谅,8
147,领域,8
148,圣斗士,8
149,实在,8
150,妖精,8
151,概念,8
152,本贴,8
153,,8
154,观看,8
155,人物,8
156,十年,8
157,系列,8
158,闲着,7
159,类似,7
160,楼主,7
161,地图,7
162,一年,7
163,汇总,7
164,战争,7
165,两百年,7
166,桐亚,7
167,外传,7
168,活动,7
169,好好,7
170,老婆,7
171,评价,7
172,优纪,7
173,后续,7
174,镰刀,7
175,一楼,7
176,篇幅,7
177,成功,7
178,几个,7
179,心意,7
180,顺序,7
181,链接,7
182,推荐,7
183,##,7
184,稀有,6
185,买回来,6
186,加速,6
187,隔壁,6
188,黑衣,6
189,讨论,6
190,相关,6
191,tv,6
192,妹子,6
193,麻痹,6
194,进来,6
195,老爷,6
196,一句,6
197,复制,6
198,看着,6
199,机翻,6
200,说实话,6
201,状态,6
202,简直,6
203,只能,6
204,画集,6
205,溶解,6
206,锻造,6
207,色卡,6
208,作监,6
209,极端,6
210,亚粉,6
211,两级,6
212,分化,6
213,请问,6
214,动漫,6
215,得罪,6
216,完结,6
217,顺便,6
218,出自,6
219,细节,6
220,年级,6
221,画师,6
222,时空,6
223,删减,6
224,哪册,6
225,作画,5
226,监督,5
227,铃木,5
228,足力慎,5
229,原稿,5
230,分镜,5
231,物品,5
232,全是,5
233,figma,5
234,发错,5
235,回血,5
236,LZ,5
237,开箱,5
238,海报,5
239,半年,5
240,明天,5
241,开学,5
242,打算,5
243,褶皱,5
244,正好,5
245,尺寸,5
246,展开,5
247,一页,5
248,题目,5
249,现阶段,5
250,发对,5
251,感想,5
252,说来,5
253,世界观,5
254,以往,5
255,要说,5
256,爆点,5
257,资讯,5
258,过于,5
259,庞大,5
260,牵扯,5
261,见过,5
262,家长,5
263,Re,5
264,大罪司,5
265,教镇楼,5
266,真名,5
267,外号,5
268,强尼,5
269,布莱克,5
270,小刀,5
271,陷害,5
272,夫妻,5
273,副团长,5
274,大侠,5
275,几贴,5
276,贴子,5
277,貌似,5
278,登场,5
279,开一贴,5
280,表现,5
281,性格,5
282,趣事,5
283,尽量,5
284,不剧,5
285,结婚,5
286,重组,5
287,关键,5
288,斗士,5
289,lz,5
290,抽抽,5
291,想玩点,5
292,惊喜,5
293,没得,5
294,脑机,5
295,定义,5
296,搞懂,5
297,叫唤,5
298,psv,5
299,失落,5
300,之歌,5
301,阴影,5
302,少女,5
303,那章,5
304,打完,5
305,风场,5
306,没开,5
307,显示,5
308,告诉,5
309,门锁,5
310,好,5
311,之卡密,5
312,入手,5
313,一套,5
314,谐谑曲,5
315,光看,5
316,摇篮,5
317,第几册,5
318,接上,5
319,27,5
320,啥时候,5
321,值得,5
322,非议,5
323,浮游城,5
324,生活,5
325,无可替代,5
326,伴侣,5
327,虚拟,5
328,融合,5
329,虚拟世界,5
330,而活,5
331,交融,5
332,契机,5
333,人才,5
334,看重,5
335,期间,5
336,恩情,5
337,你别,5
338,大部分,5
339,之间,5
340,友情,5
341,寄托,5
342,期望,5
343,卡密,5
344,没法,5
345,形容,5
346,好几,5
347,整的,5
348,没本,5
349,最想,5
350,第八卷,5
351,第九卷,5
352,气死,5
353,强者,5
354,基本上,5
355,长剑,5
356,大剑类,5
357,按理,5
358,攻速,5
359,移速,5
360,重武器,5
361,立马,5
362,撤走,5
363,突进,5
364,强袭,5
365,好多,5
366,剑技,5
367,瞬间,5
368,接近,5
369,能力,5
370,更好,5
371,boss,5
372,战中,5
373,拉扯,5
374,阿里,5
375,新区,5
376,苹果,5
377,安卓,5
378,电脑,5
379,平板,5
380,四端,5
381,互通,5
382,氛围,5
383,我来,5
384,负责,5
385,顶级,5
386,在此之前,5
387,不少,5
388,此类,5
389,盘点,5
390,手上,5
391,感谢,5
392,前辈,5
393,收集,5
394,栗色,5
395,这会,5
396,五名,5
397,那大,5
398,第一,5
399,心血来潮,5
400,脚画,5
401,小时候,5
402,寻求,5
403,8u,5
404,仰视,5
405,色调,5
406,较暗,5
407,一只,5
408,着手,5
409,胖次,5
410,裸足,5
411,日版,5
412,项链,5
413,五级,5
414,管理员,5
415,完异界,5
416,一段,5
417,删除,5
418,伏笔,5
419,培养,5
420,那怕,5
421,外面,5
422,未必,5
423,干净,5
424,熟悉,5
425,这段,5
426,女儿,5
427,时间,5
428,友们,5
429,方法,5
430,收藏,5
431,好看,5
432,粉丝,5
433,攻略,5
434,度娘,5
435,200,5
436,刚刚,5
437,第二部,5
438,删掉,5
439,原作,5
440,不了,5
441,诈尸,5
442,消失,5
443,玩意,5
444,暮色,5
445,黄昏,5
446,还会,5
447,楼层,5
448,昨天,5
449,第几,5
450,错过,5
451,后宫,5
452,作品,5
453,那种,5
454,老师,5
455,第一集,4
456,关在,4
457,医院,4
458,营养液,4
459,能活,4
460,腾出,4
461,问下,4
462,第三部,4
463,或者说,4
464,说康,4
465,展会,4
466,序列,4
467,之争,4
468,两个,4
469,剧场,4
470,总撒狗,4
471,Star,4
472,Burst,4
473,Stream,4
474,经典,4
475,像是,4
476,bleach,4
477,和约,4
478,情感,4
479,刀划,4
480,人疼,4
481,龇牙咧嘴,4
482,正传,4
483,旁边,4
484,吸收,4
485,记错,4
486,原话,4
487,吸收器,4
488,想起,4
489,马上,4
490,自我,4
491,毁灭,4
492,和平,4
493,只会,4
494,而战,4
495,难道,4
496,无所谓,4
497,只在乎,4
498,解释,4
499,上次,4
500,胶片,4
501,多多少少,4
502,有雷,4
503,太甜,4
504,不想,4
505,回来,4
506,大伙,4
507,开玩笑,4
508,npc,4
509,优衣酱,4
510,收到,4
511,本地,4
512,文件夹,4
513,TV,4
514,商量一下,4
515,桐谷和人,4
516,没扫图,4
517,32,4
518,万人,4
519,一个打,4
520,小红书刷,4
521,封面,4
522,画风,4
523,黑色,4
524,刘海,4
525,大众,4
526,不太,4
527,对面,4
528,完仝,4
529,没见,4
530,星辰,4
531,武魂,4
532,法相,4
533,招式,4
534,人物性格,4
535,魂环,4
536,游戏王,4
537,同调,4
538,召唤,4
539,双神,4
540,魂力,4
541,精神力,4
542,区别,4
543,这本,4
544,幼稚,4
545,斗罗,4
546,不早,4
547,比斗罗,4
548,刷斗罗,4
549,看番剧,4
550,心情,4
551,人文,4
552,男主长,4
553,阳刚,4
554,ALO,4
555,选择,4
556,一把,4
557,首领,4
558,一架,4
559,女主为,4
560,众所周知,4
561,封弊,4
562,组队,4
563,加工,4
564,交流,4
565,刷级,4
566,睡觉,4
567,拥有,4
568,前线,4
569,超越,4
570,技巧,4
571,不必要,4
572,路线,4
573,打团,4
574,LA,4
575,综合,4
576,处于,4
577,剧中,4
578,实时,4
579,地点,4
580,跟亚,4
581,圈外,4
582,pvp,4
583,程度,4
584,172,4
585,身高,4
586,居然,4
587,52kg,4
588,..,4
589,这是,4
590,173,4
591,113,4
592,看起来,4
593,竹竿,4
594,难以想象,4
595,身高体重,4
596,玩梗神,4
597,内含,4
598,声优,4
599,段子,4
600,各式,4
601,幽默,4
602,短篇,4
603,旨在,4
604,轻松,4
605,一笑,4
606,半句,4
607,胡扯,4
608,侮辱,4
609,性质,4
610,证明,4
611,玻璃心,4
612,图自,4
613,ur1,4
614,背景,4
615,修房子,4
616,进度,4
617,慢热,4
618,页数,4
619,越来越少,4
620,300,4
621,来页,4
622,多页,4
623,放慢,4
624,这次,4
625,超过,4
626,音刷,4
627,新剧,4
628,cuncaleonline,4
629,现金,4
630,登陆,4
631,转现,4
632,退出,4
633,通货膨胀,4
634,官方,4
635,来源,4
636,hs,4
637,用户,4
638,铠甲,4
639,蛮帅,4
640,没画,4
641,box,4
642,补票,4
643,享受,4
644,带来,4
645,快乐,4
646,显盒,4
647,头显,4
648,两季,4
649,BD,4
650,音乐,4
651,很棒,4
652,第五层,4
653,吃书,4
654,基友,4
655,别人,4
656,上映,4
657,离谱,4
658,团长,4
659,插图,4
660,拿到,4
661,新人,4
662,当初,4
663,整合骑士,4
664,原本,4
665,骇客,4
666,被困,4
667,天闻,4
668,本篇,4
669,优吉欧,4
670,克莱因,4
671,是因为,4
672,ntr,4
673,最终,4
674,第二季,4
675,包邮,4
676,单手剑,4
677,追求,4
678,价值,4
679,晚会,4
680,这场,4
681,导演,3
682,改行,3
683,不行,3
684,照抄,3
685,非要,3
686,传说,3
687,英雄,3
688,工会,3
689,人全,3
690,怎么回事,3
691,飞刀,3
692,远程,3
693,攻击,3
694,手段,3
695,自动,3
696,索敌,3
697,不仅如此,3
698,支线,3
699,全给,3
700,保留,3
701,回忆,3
702,舍不得,3
703,陪伴,3
704,两层,3
705,情怀,3
706,同人版,3
707,发生,3
708,网络,3
709,应付,3
710,强大,3
711,分担,3
712,联想,3
713,寻找,3
714,死去,3
715,碎片,3
716,根源,3
717,第一个,3
718,想到,3
719,答应,3
720,茅场,3
721,条件,3
722,协助,3
723,实施,3
724,计划,3
725,恢复,3
726,百分之,3
727,90,3
728,说话,3
729,身体,3
730,技和二刀,3
731,流通,3
732,传授,3
733,守护,3
734,帮帮忙,3
735,第二册,3
736,第六册,3
737,当面,3
738,一口,3
739,当做,3
740,淡定,3
741,帖子,3
742,说桐亚,3
743,反驳,3
744,观点,3
745,弄错,3
746,早补,3
747,还作,3
748,监说,3
749,圣经,3
750,帽子,3
751,事实,3
752,兄弟,3
753,apple,3
754,vision,3
755,pro,3
756,augma,3
757,功能,3
758,外观,3
759,简化,3
760,潜行,3
761,指日可待,3
762,引进,3
763,三部,3
764,日漫,3
765,铃芽,3
766,灌篮高手,3
767,月份,3
768,天空,3
769,之城,3
770,梦大,3
771,决战,3
772,规则,3
773,牺牲,3
774,存活,3
775,通关,3
776,奖励,3
777,几本,3
778,几部,3
779,汇编,3
780,epub,3
781,自取,3
782,失效,3
783,补充,3
784,网盘,3
785,迷们,3
786,奥方,3
787,整出,3
788,投票,3
789,美其名曰,3
790,二次元,3
791,就算,3
792,诋毁,3
793,草率,3
794,几幅,3
795,T恤,3
796,hxd,3
797,放送,3
798,公布,3
799,明明,3
800,steam,3
801,偷跑,3
802,求下,3
803,这张,3
804,高清,3
805,滤过,3
806,IF,3
807,天马行空,3
808,有意思,3
809,弱点,3
810,脚心,3
811,242526,3
812,第一卷,3
813,开头,3
814,第一层,3
815,七十多,3
816,我刚,3
817,大致,3
818,从头开始,3
819,重工,3
820,面料,3
821,接受,3
822,定制,3
823,第六,3
824,第七,3
825,八卷,3
826,多不多,3
827,海边,3
828,游泳,3
829,糖多,3
830,看一看,3
831,比桐,3
832,人大,3
833,一岁,3
834,同一个,3
835,高考,3
836,问问,3
837,总共,3
838,篇目,3
839,第五,3
840,幽灵子弹,3
841,印错,3
842,正版,3
843,一问,3
844,才能,3
845,有无,3
846,眼睛,3
847,辨识,3
848,几张,3
849,不谈,3
850,结束,3
851,细剑,3
852,听说,3
853,恶心,3
854,用来,3
855,成新,3
856,黑星,3
857,红白,3
858,黑猫,3
859,手办,3
860,有个,2
861,回复,2
862,回不来,2
863,ugo,2
864,算不算,2
865,人格,2
866,算得,2
867,关系,2
868,早期,2
869,动画片,2
870,复活,2
871,拯救,2
872,其他人,2
873,不妥,2
874,实体书,2
875,角川,2
876,2sao,2
877,pv,2
878,一遍,2
879,一种,2
880,留在,2
881,接下来,2
882,全新,2
883,周年,2
884,看样子,2
885,大活,2
886,样子,2
887,一心一意,2
888,标准,2
889,玩笑,2
890,排个行,2
891,T0,2
892,T1,2
893,T1.5,2
894,T2,2
895,直叶,2
896,T3,2
897,利兹,2
898,西莉卡,2
899,戈尔,2
900,没排,2
901,排着,2
902,半篇,2
903,抛开,2
904,桥段,2
905,仅谈,2
906,质量,2
907,最差,2
908,水平,2
909,能排,2
910,日期,2
911,一章,2
912,还要,2
913,多久,2
914,交叉,2
915,想换个,2
916,手机,2
917,同人,2
918,弱弱,2
919,第二,2
920,三季,2
921,女主,2
922,正宫,2
923,东跳西,2
924,越迁,2
925,太大,2
926,精灵,2
927,姐姐,2
928,有种,2
929,错乱,2
930,全靠,2
931,道具,2
932,留有,2
933,遗憾,2
934,无聊,2
935,好多遍,2
936,一口气,2
937,underworld,2
938,宏大,2
939,感慨万千,2
940,青春,2
941,划伤,2
942,句号,2
943,话说回来,2
944,之外,2
945,想象,2
946,经历,2
947,ws,2
948,黑白,2
949,双翼,2
950,S100,2
951,025SP,2
952,兄妹,2
953,莉法,2
954,sp,2
955,拍照,2
956,现拍,2
957,确认,2
958,品相,2
959,下单,2
960,出售,2
961,不退,2
962,不换,2
963,1222,2
964,后期,2
965,某天,2
966,可桐,2
967,那二刀流,2
968,原因,2
969,武士刀,2
970,双手,2
971,利卡,2
972,匕首,2
973,像桐,2
974,加点,2
975,力量,2
976,排除,2
977,情况,2
978,实用主义,2
979,放弃,2
980,提升,2
981,优势,2
982,设备,2
983,技术,2
984,有限,2
985,打包,2
986,优惠,2
987,走鱼,2
988,价格,2
989,关注,2
990,TXT,2
991,番外,2
992,der,2
993,懒得,2
994,发图,2
995,要空,2
996,有纪,2
997,地站,2
998,总和,2
999,身边,2
1000,忍住,2
1001,弹幕,2
1002,小鬼,2
1003,依旧,2
1004,阴间,2
1005,太高,2
1006,发疯,2
1007,抽福袋,2
1008,抽出来,2
1009,张桐,2
1010,头像,2
1011,当头,2
1012,粉色,2
1013,p90,2
1014,full,2
1015,dive,2
1016,到场,2
1017,这部,2
1018,依然,2
1019,聚在一起,2
1020,激动,2
1021,神田,2
1022,感到遗憾,2
1023,LISA,2
1024,蓝井,2
1025,舞台,2
1026,足够,2
1027,优秀,2
1028,期待,2
1029,100,2
1030,收点,2
1031,展架,2
1032,房间,2
1033,视频,2
1034,淘宝,2
1035,搜全,2
1036,分布,2
1037,做成,2
1038,电子书,2
1039,发出,2
1040,第一本,2
1041,无奈,2
1042,web02,2
1043,fairy,2
1044,dance,2
1045,翻译,2
1046,太烂,2
1047,逻辑,2
1048,不清,2
1049,前后矛盾,2
1050,几篇,2
1051,日文,2
1052,文本,2
1053,欧内,2
1054,衍生,2
1055,大哥,2
1056,大姐,2
1057,哪位,2
1058,行行好,2
1059,来个,2
1060,地址,2
1061,绘制,2
1062,贺图,2
1063,电击,2
1064,文库,2
1065,2017,2
1066,气枪,2
1067,机会,2
1068,SJ2,2
1069,创作,2
1070,该死,2
1071,距离,2
1072,Cardina,2
1073,25,2
1074,一块,2
1075,二人,2
1076,分开,2
1077,算不上,1
1078,抛弃,1
1079,怪物,1
1080,害怕,1
1081,血条,1
1082,清空,1
1083,血量,1
1084,帮不上,1
1085,脱离,1
1086,队伍,1
1087,理解,1
1088,无星,1
1089,之夜,1
1090,咏叹调,1
1091,朋友,1
1092,完整,1
1093,买过,1
1094,几次,1
1095,退坑,1
1096,广州,1
1097,面交,1
1098,不包,1
1099,邮不退,1
1100,有意者,1
1101,dd,1
1102,咸鱼,1
1103,年前,1
1104,传闻,1
1105,想想,1
1106,真成了,1
1107,去年,1
1108,真没想到,1
1109,ip,1
1110,断层,1
1111,领先,1
1112,很想,1
1113,vr,1
1114,手游,1
1115,剑士,1
1116,停服,1
1117,没玩过,1
1118,于刀剑,1
1119,如图,1
1120,有剧,1
1121,选择性,1
1122,17,1
1123,到处,1
1124,生肉,1
1125,奇诺,1
1126,时雨泽惠,1
1127,执笔,1
1128,绘画,1
1129,监修,1
1130,2014,1
1131,出版,1
1132,并于,1
1133,祭典,1
1134,本传,1
1135,Alicization,1
1136,一同,1
1137,2018,1
1138,开播,1
1139,总计,1
1140,12,1
1141,总集,1
1142,商业,1
1143,成绩,1
1144,碟片,1
1145,得,1
1146,平均,1
1147,5000,1
1148,累积,1
1149,销量,1
1150,150,1
1151,知名,1
1152,品牌,1
1153,东京,1
1154,MARUI,1
1155,合作,1
1156,联名,1
1157,三款,1
1158,周边,1
1159,商品,1
1160,颇为,1
1161,热销,1
1162,能出,1
1163,20,1
1164,怪不得,1
1165,王拉个,1
1166,刀光,1
1167,大结局,1
1168,系统,1
1169,祖师爷,1
1170,中毒,1
1171,一级,1
1172,二级,1
1173,三级,1
1174,档位,1
1175,xdm,1
1176,地错,1
1177,松岗,1
1178,肉松,1
1179,对手戏,1
1180,SJ1,1
1181,收尾,1
1182,读者,1
1183,衔接,1
1184,而画,1
1185,开场,1
1186,2016,1
1187,连载,1
1188,至今,1
1189,尽心尽力,1
1190,地去,1
1191,还原,1
1192,枪战,1
1193,想法,1
1194,...,1
1195,可惜,1
1196,办法,1
1197,无声无息,1
1198,迎来,1
1199,续作,1
1200,cos,1
1201,好奇,1
1202,本台,1
1203,玩玩,1
1204,并不多,1
1205,鸡助,1
1206,普通人,1
1207,估计,1
1208,娱乐,1
1209,有用,1
1210,医疗,1
1211,减少,1
1212,痛苦,1
1213,病情,1
1214,进展,1
1215,要死,1
1216,神作,1
1217,超一流,1
1218,一流,1
1219,离上,1
1220,主角,1
1221,团跑,1
1222,送死,1
1223,Administrator,1
1224,意义,1
1225,创世神,1
1226,史提,1
1227,西亚,1
1228,战力,1
1229,崩塌,1
1230,求个,1
1231,公测,1
1232,四个,1
1233,这冷饭,1
1234,梦回,1
1235,刚入,1
1236,青春岁月,1
1237,换个,1
1238,类型,1
1239,换成,1
1240,科幻,1
1241,将来,1
1242,Jules,1
1243,Gabriel,1
1244,Verne,1
1245,高度,1
1246,科技,1
1247,没到,1
1248,时间表,1
1249,层后,1
1250,船员,1
1251,失误,1
1252,导致,1
1253,团灭,1
1254,矛盾,1
1255,令人信服,1
1256,大户,1
1257,数量,1
1258,最能,1
1259,深夜,1
1260,市场,1
1261,算了,1
1262,18,1
1263,企划,1
1264,计算,1
1265,黏土,1
1266,景品,1
1267,姑妈,1
1268,咨询,1
1269,各路,1
1270,神仙,1
1271,陷阱,1
1272,跳崖,1
1273,拉住,1
1274,第二集,1
1275,第三集,1
1276,被禁,1
1277,刚出,1
1278,四刷,1
1279,没看,1
1280,几集,1
1281,不用,1
1282,彼岸,1
1283,游境,1
1284,招惹,1
1285,两三个,1
1286,很花,1
1287,没想到,1
1288,晕倒,1
1289,一大群,1
1290,羡慕,1
1291,嫉妒,1
1292,两次,1
1293,作用,1
1294,问个问题,1
1295,国内,1
1296,出书,1
1297,新妻,1
1298,拆回,1
1299,好无语,1
1300,两回,1
1301,时期,1
1302,闪光,1
1303,血盟,1
1304,骑士团,1
1305,苦难,1
1306,刚好,1
1307,弥补,1
1308,成长,1
1309,过程,1
1310,15,1
1311,小女孩,1
1312,死亡,1
1313,指望,1
1314,有多强,1
1315,得知,1
1316,旅馆,1
1317,疯狂,1
1318,自闭,1
1319,持续,1
1320,崩溃,1
1321,自杀,1
1322,念头,1
1323,开导,1
1324,振作起来,1
1325,打斗,1
1326,场面,1
1327,很帅,1
1328,怕鬼,1
1329,万能,1
1330,接触,1
1331,站上,1
1332,好奇心,1
1333,24,1
1334,那段,1
1335,片段,1
1336,几天,1
1337,难受,1
1338,友有,1
1339,解解,1
1340,郁闷,1
1341,还行,1
1342,脑子,1
